ID	A1	A2	posterior_ukbb	posterior_variance_ukbb
SNP1	G	T	0.10231435390092863	0.06292569643224194
SNP2	G	A	0.10231078086196362	0.06292569583693133
SNP3	C	T	0.10231520343773554	0.06292569657378802
SNP4	T	G	0.08164987497391482	0.32537554462731977
SNP5	T	C	-0.18219223488269598	0.32636441520984283
