ID	A1	A2	posterior_ukbb	posterior_variance_ukbb
SNP1	G	T	0.10635951530062308	0.05795944597915695
SNP2	G	A	0.106355303422475	0.057959445470574036
SNP3	C	T	0.10636051672980665	0.05795944610008225
SNP4	T	G	0.09532724811388978	0.32208495080502697
SNP5	T	C	-0.22084117901362332	0.3234760512846048
